{
  "single": {
    "2_items": {
      "runs": 1000,
      "stabilized": 1000,
      "stabilization_rate": 1.0,
      "avg_days": 12.927,
      "median_days": 12.0,
      "avg_items_used": 9.687
    },
    "1_item": {
      "runs": 1000,
      "stabilized": 1000,
      "stabilization_rate": 1.0,
      "avg_days": 24.574,
      "median_days": 22.0,
      "avg_items_used": 9.902
    },
    "streak_drip": {
      "runs": 1000,
      "stabilized": 1000,
      "stabilization_rate": 1.0,
      "avg_days": 16.113,
      "median_days": 15.0,
      "avg_items_used": 9.797
    }
  },
  "multi": {
    "2_items": {
      "total_creatures": 2661,
      "stabilized": 2661,
      "unstabilized": 0,
      "stabilization_rate": 100.0,
      "days_to_stabilization": {
        "mean": 10.758737316798197,
        "median": 8,
        "min": 1,
        "max": 57
      },
      "histogram": {
        "1": 5,
        "2": 175,
        "3": 228,
        "4": 201,
        "5": 191,
        "6": 245,
        "7": 136,
        "8": 152,
        "9": 129,
        "10": 130,
        "11": 122,
        "12": 94,
        "13": 130,
        "14": 78,
        "15": 68,
        "16": 72,
        "17": 56,
        "18": 33,
        "19": 44,
        "20": 65,
        "21": 28,
        "22": 32,
        "23": 26,
        "24": 30,
        "25": 19,
        "26": 17,
        "27": 30,
        "28": 12,
        "29": 17,
        "30": 9,
        "31": 10,
        "32": 9,
        "33": 5,
        "34": 13,
        "35": 11,
        "36": 4,
        "37": 3,
        "38": 6,
        "39": 3,
        "40": 5,
        "41": 7,
        "42": 2,
        "43": 2,
        "45": 1,
        "46": 2,
        "47": 2,
        "55": 1,
        "57": 1
      },
      "items": {
        "total_used": 21714,
        "total_burned": 51642,
        "avg_per_stabilized": 8.160090191657272
      },
      "items_used_distribution": {
        "0": 1,
        "1": 16,
        "2": 47,
        "3": 137,
        "4": 207,
        "5": 301,
        "6": 270,
        "7": 309,
        "8": 303,
        "9": 228,
        "10": 203,
        "11": 167,
        "12": 139,
        "13": 92,
        "14": 85,
        "15": 47,
        "16": 34,
        "17": 23,
        "18": 15,
        "19": 13,
        "20": 12,
        "21": 3,
        "22": 3,
        "23": 2,
        "25": 1,
        "26": 2,
        "31": 1
      },
      "sp_economy": {
        "total_from_burns": 70092,
        "total_from_streaks": 9978,
        "total_consumed": 69867
      },
      "creatures_stabilized_with_bonded_only": 3,
      "creatures_requiring_30plus_items": 1,
      "whale_wallets": 62,
      "whale_failures": 0
    },
    "1_item": {
      "total_creatures": 2661,
      "stabilized": 2610,
      "unstabilized": 51,
      "stabilization_rate": 98.08342728297632,
      "days_to_stabilization": {
        "mean": 19.080842911877394,
        "median": 16.0,
        "min": 1,
        "max": 59
      },
      "histogram": {
        "1": 2,
        "2": 74,
        "3": 95,
        "4": 95,
        "5": 102,
        "6": 135,
        "7": 85,
        "8": 103,
        "9": 89,
        "10": 79,
        "11": 88,
        "12": 78,
        "13": 114,
        "14": 77,
        "15": 76,
        "16": 65,
        "17": 74,
        "18": 73,
        "19": 58,
        "20": 89,
        "21": 46,
        "22": 52,
        "23": 57,
        "24": 43,
        "25": 35,
        "26": 43,
        "27": 66,
        "28": 33,
        "29": 45,
        "30": 27,
        "31": 27,
        "32": 34,
        "33": 31,
        "34": 43,
        "35": 17,
        "36": 25,
        "37": 18,
        "38": 19,
        "39": 15,
        "40": 30,
        "41": 29,
        "42": 15,
        "43": 19,
        "44": 13,
        "45": 14,
        "46": 13,
        "47": 17,
        "48": 17,
        "49": 16,
        "50": 18,
        "51": 13,
        "52": 6,
        "53": 10,
        "54": 9,
        "55": 16,
        "56": 6,
        "57": 11,
        "58": 5,
        "59": 6
      },
      "items": {
        "total_used": 22798,
        "total_burned": 43097,
        "avg_per_stabilized": 8.734865900383141
      },
      "items_used_distribution": {
        "0": 1,
        "1": 16,
        "2": 49,
        "3": 111,
        "4": 184,
        "5": 247,
        "6": 276,
        "7": 251,
        "8": 279,
        "9": 275,
        "10": 214,
        "11": 171,
        "12": 125,
        "13": 110,
        "14": 84,
        "15": 65,
        "16": 45,
        "17": 44,
        "18": 21,
        "19": 13,
        "20": 11,
        "21": 7,
        "22": 4,
        "23": 3,
        "24": 1,
        "25": 1,
        "26": 1,
        "31": 1
      },
      "sp_economy": {
        "total_from_burns": 59484,
        "total_from_streaks": 20448,
        "total_consumed": 59234
      },
      "creatures_stabilized_with_bonded_only": 8,
      "creatures_requiring_30plus_items": 1,
      "whale_wallets": 62,
      "whale_failures": 0
    },
    "streak_drip": {
      "total_creatures": 2661,
      "stabilized": 2660,
      "unstabilized": 1,
      "stabilization_rate": 99.96242014280345,
      "days_to_stabilization": {
        "mean": 13.650375939849624,
        "median": 12.0,
        "min": 1,
        "max": 58
      },
      "histogram": {
        "1": 2,
        "2": 74,
        "3": 95,
        "4": 95,
        "5": 102,
        "6": 135,
        "7": 136,
        "8": 182,
        "9": 179,
        "10": 154,
        "11": 159,
        "12": 134,
        "13": 172,
        "14": 106,
        "15": 74,
        "16": 88,
        "17": 76,
        "18": 65,
        "19": 65,
        "20": 84,
        "21": 38,
        "22": 41,
        "23": 52,
        "24": 37,
        "25": 32,
        "26": 34,
        "27": 38,
        "28": 30,
        "29": 25,
        "30": 15,
        "31": 21,
        "32": 17,
        "33": 15,
        "34": 18,
        "35": 5,
        "36": 11,
        "37": 11,
        "38": 4,
        "39": 4,
        "40": 3,
        "41": 9,
        "42": 6,
        "43": 3,
        "44": 4,
        "45": 1,
        "46": 2,
        "48": 3,
        "52": 1,
        "54": 1,
        "56": 1,
        "58": 1
      },
      "items": {
        "total_used": 22200,
        "total_burned": 49045,
        "avg_per_stabilized": 8.345864661654135
      },
      "items_used_distribution": {
        "0": 1,
        "1": 18,
        "2": 47,
        "3": 120,
        "4": 212,
        "5": 253,
        "6": 273,
        "7": 303,
        "8": 287,
        "9": 257,
        "10": 221,
        "11": 172,
        "12": 135,
        "13": 97,
        "14": 88,
        "15": 55,
        "16": 38,
        "17": 28,
        "18": 17,
        "19": 11,
        "20": 13,
        "21": 6,
        "23": 2,
        "25": 4,
        "29": 1,
        "31": 1
      },
      "sp_economy": {
        "total_from_burns": 66756,
        "total_from_streaks": 13374,
        "total_consumed": 66456
      },
      "creatures_stabilized_with_bonded_only": 0,
      "creatures_requiring_30plus_items": 1,
      "whale_wallets": 62,
      "whale_failures": 0
    }
  }
}