{
  "total_creatures": 2661,
  "stabilized": 2661,
  "unstabilized": 0,
  "stabilization_rate": 100.0,
  "days_to_stabilization": {
    "mean": 10.758737316798197,
    "median": 8,
    "min": 1,
    "max": 57
  },
  "histogram": {
    "1": 5,
    "2": 175,
    "3": 228,
    "4": 201,
    "5": 191,
    "6": 245,
    "7": 136,
    "8": 152,
    "9": 129,
    "10": 130,
    "11": 122,
    "12": 94,
    "13": 130,
    "14": 78,
    "15": 68,
    "16": 72,
    "17": 56,
    "18": 33,
    "19": 44,
    "20": 65,
    "21": 28,
    "22": 32,
    "23": 26,
    "24": 30,
    "25": 19,
    "26": 17,
    "27": 30,
    "28": 12,
    "29": 17,
    "30": 9,
    "31": 10,
    "32": 9,
    "33": 5,
    "34": 13,
    "35": 11,
    "36": 4,
    "37": 3,
    "38": 6,
    "39": 3,
    "40": 5,
    "41": 7,
    "42": 2,
    "43": 2,
    "45": 1,
    "46": 2,
    "47": 2,
    "55": 1,
    "57": 1
  },
  "items": {
    "total_used": 21714,
    "total_burned": 51642,
    "avg_per_stabilized": 8.160090191657272
  },
  "items_used_distribution": {
    "0": 1,
    "1": 16,
    "2": 47,
    "3": 137,
    "4": 207,
    "5": 301,
    "6": 270,
    "7": 309,
    "8": 303,
    "9": 228,
    "10": 203,
    "11": 167,
    "12": 139,
    "13": 92,
    "14": 85,
    "15": 47,
    "16": 34,
    "17": 23,
    "18": 15,
    "19": 13,
    "20": 12,
    "21": 3,
    "22": 3,
    "23": 2,
    "25": 1,
    "26": 2,
    "31": 1
  },
  "sp_economy": {
    "total_from_burns": 70092,
    "total_from_streaks": 9978,
    "total_consumed": 69867
  },
  "creatures_stabilized_with_bonded_only": 3,
  "creatures_requiring_30plus_items": 1,
  "whale_wallets": 62,
  "whale_failures": 0
}