{
  "total_creatures": 2661,
  "stabilized": 1728,
  "unstabilized": 933,
  "stabilization_rate": 64.9379932356257,
  "days_to_stabilization": {
    "mean": 30.433449074074073,
    "median": 27,
    "min": 7,
    "max": 59
  },
  "histogram": {
    "48": 24,
    "59": 25,
    "52": 26,
    "57": 19,
    "53": 21,
    "55": 25,
    "58": 26,
    "44": 22,
    "51": 24,
    "50": 23,
    "56": 26,
    "54": 23,
    "49": 25,
    "46": 24,
    "34": 36,
    "42": 29,
    "45": 23,
    "38": 27,
    "43": 20,
    "40": 23,
    "41": 27,
    "39": 29,
    "37": 21,
    "36": 29,
    "47": 20,
    "35": 19,
    "33": 28,
    "32": 32,
    "30": 33,
    "28": 42,
    "31": 31,
    "29": 36,
    "27": 32,
    "26": 44,
    "24": 56,
    "22": 65,
    "21": 55,
    "23": 58,
    "25": 42,
    "20": 59,
    "19": 100,
    "16": 57,
    "18": 61,
    "17": 69,
    "14": 41,
    "13": 26,
    "12": 32,
    "15": 56,
    "11": 20,
    "9": 7,
    "10": 7,
    "8": 2,
    "7": 1
  },
  "items": {
    "total_used": 10967,
    "total_burned": 32602,
    "avg_per_stabilized": 6.346643518518518
  },
  "sp_economy": {
    "total_from_burns": 49172,
    "total_from_streaks": 30780,
    "total_consumed": 43405
  },
  "creatures_stabilized_with_bonded_only": 1,
  "creatures_requiring_30plus_items": 0,
  "whale_wallets": 62,
  "whale_failures": 0
}