{
  "total_creatures": 2661,
  "stabilized": 1799,
  "unstabilized": 862,
  "stabilization_rate": 67.60616309658023,
  "days_to_stabilization": {
    "mean": 31.623679822123403,
    "median": 28,
    "min": 6,
    "max": 59
  },
  "histogram": {
    "43": 29,
    "46": 28,
    "49": 29,
    "55": 31,
    "52": 27,
    "57": 30,
    "59": 28,
    "50": 30,
    "53": 24,
    "47": 23,
    "42": 31,
    "48": 30,
    "45": 30,
    "56": 27,
    "41": 29,
    "58": 27,
    "44": 29,
    "51": 28,
    "54": 24,
    "40": 24,
    "37": 25,
    "39": 23,
    "36": 33,
    "35": 22,
    "38": 26,
    "34": 36,
    "32": 29,
    "31": 37,
    "29": 42,
    "27": 50,
    "33": 27,
    "28": 43,
    "26": 44,
    "25": 47,
    "22": 61,
    "30": 32,
    "24": 47,
    "21": 75,
    "19": 48,
    "20": 85,
    "18": 52,
    "23": 53,
    "17": 57,
    "15": 58,
    "16": 58,
    "14": 56,
    "13": 52,
    "11": 7,
    "12": 9,
    "10": 3,
    "9": 1,
    "8": 1,
    "6": 2
  },
  "items": {
    "total_used": 11096,
    "total_burned": 29701,
    "avg_per_stabilized": 6.1678710394663705
  },
  "sp_economy": {
    "total_from_burns": 34428,
    "total_from_streaks": 43752,
    "total_consumed": 34164
  },
  "creatures_stabilized_with_bonded_only": 59,
  "creatures_requiring_30plus_items": 0,
  "whale_wallets": 62,
  "whale_failures": 0
}