{
  "total_creatures": 2661,
  "stabilized": 1904,
  "unstabilized": 757,
  "stabilization_rate": 71.55204810221721,
  "days_to_stabilization": {
    "mean": 30.57878151260504,
    "median": 28,
    "min": 7,
    "max": 59
  },
  "histogram": {
    "54": 27,
    "58": 26,
    "41": 35,
    "47": 31,
    "49": 30,
    "44": 33,
    "56": 28,
    "51": 28,
    "45": 29,
    "53": 28,
    "55": 27,
    "42": 28,
    "48": 26,
    "38": 29,
    "43": 30,
    "52": 28,
    "46": 26,
    "59": 24,
    "50": 27,
    "57": 23,
    "37": 30,
    "39": 32,
    "34": 32,
    "35": 34,
    "40": 24,
    "33": 26,
    "36": 27,
    "28": 40,
    "32": 36,
    "31": 36,
    "29": 36,
    "30": 36,
    "26": 35,
    "27": 39,
    "25": 39,
    "24": 46,
    "22": 54,
    "21": 68,
    "23": 50,
    "20": 84,
    "19": 69,
    "18": 66,
    "16": 68,
    "17": 71,
    "15": 63,
    "14": 62,
    "13": 56,
    "11": 19,
    "12": 30,
    "10": 15,
    "8": 5,
    "7": 5,
    "9": 8
  },
  "items": {
    "total_used": 11130,
    "total_burned": 28565,
    "avg_per_stabilized": 5.845588235294118
  },
  "sp_economy": {
    "total_from_burns": 42938,
    "total_from_streaks": 41598,
    "total_consumed": 37404
  },
  "creatures_stabilized_with_bonded_only": 57,
  "creatures_requiring_30plus_items": 0,
  "whale_wallets": 62,
  "whale_failures": 0
}