{
  "total_creatures": 2661,
  "stabilized": 1836,
  "unstabilized": 825,
  "stabilization_rate": 68.9966178128523,
  "days_to_stabilization": {
    "mean": 32.700980392156865,
    "median": 30,
    "min": 8,
    "max": 59
  },
  "histogram": {
    "56": 32,
    "57": 26,
    "53": 26,
    "46": 30,
    "50": 27,
    "59": 24,
    "49": 29,
    "54": 27,
    "42": 35,
    "58": 28,
    "45": 34,
    "51": 30,
    "43": 33,
    "47": 28,
    "55": 29,
    "48": 30,
    "52": 25,
    "44": 31,
    "41": 32,
    "37": 36,
    "35": 37,
    "38": 33,
    "40": 26,
    "39": 28,
    "36": 32,
    "33": 31,
    "32": 44,
    "34": 36,
    "31": 40,
    "30": 44,
    "28": 51,
    "26": 50,
    "29": 48,
    "27": 52,
    "22": 61,
    "25": 64,
    "24": 64,
    "23": 62,
    "21": 54,
    "19": 57,
    "20": 72,
    "17": 48,
    "18": 54,
    "15": 46,
    "16": 40,
    "14": 21,
    "13": 23,
    "12": 12,
    "11": 7,
    "9": 3,
    "10": 3,
    "8": 1
  },
  "items": {
    "total_used": 15800,
    "total_burned": 28707,
    "avg_per_stabilized": 8.60566448801743
  },
  "sp_economy": {
    "total_from_burns": 42689,
    "total_from_streaks": 44019,
    "total_consumed": 34035
  },
  "creatures_stabilized_with_bonded_only": 44,
  "creatures_requiring_30plus_items": 0,
  "whale_wallets": 62,
  "whale_failures": 0
}