{
  "total_creatures": 2661,
  "stabilized": 1764,
  "unstabilized": 897,
  "stabilization_rate": 66.29086809470124,
  "days_to_stabilization": {
    "mean": 30.45408163265306,
    "median": 27,
    "min": 7,
    "max": 59
  },
  "histogram": {
    "46": 28,
    "55": 24,
    "59": 24,
    "51": 21,
    "50": 24,
    "54": 26,
    "57": 24,
    "56": 25,
    "53": 26,
    "58": 25,
    "47": 22,
    "48": 28,
    "52": 22,
    "49": 25,
    "44": 29,
    "45": 22,
    "37": 24,
    "35": 24,
    "42": 26,
    "41": 20,
    "43": 18,
    "39": 25,
    "38": 28,
    "36": 32,
    "34": 32,
    "32": 36,
    "40": 24,
    "33": 30,
    "31": 34,
    "28": 39,
    "30": 43,
    "26": 47,
    "29": 37,
    "27": 36,
    "25": 43,
    "22": 55,
    "24": 53,
    "23": 51,
    "21": 56,
    "19": 71,
    "18": 75,
    "17": 98,
    "20": 60,
    "16": 63,
    "14": 40,
    "11": 22,
    "12": 24,
    "15": 53,
    "13": 24,
    "9": 10,
    "8": 4,
    "10": 11,
    "7": 1
  },
  "items": {
    "total_used": 11020,
    "total_burned": 31540,
    "avg_per_stabilized": 6.247165532879818
  },
  "sp_economy": {
    "total_from_burns": 47571,
    "total_from_streaks": 32376,
    "total_consumed": 41617
  },
  "creatures_stabilized_with_bonded_only": 3,
  "creatures_requiring_30plus_items": 0,
  "whale_wallets": 62,
  "whale_failures": 0
}