{
  "total_creatures": 2661,
  "stabilized": 2661,
  "unstabilized": 0,
  "stabilization_rate": 100.0,
  "days_to_stabilization": {
    "mean": 16.377677564825255,
    "median": 14,
    "min": 0,
    "max": 57
  },
  "histogram": {
    "29": 32,
    "30": 21,
    "31": 17,
    "25": 44,
    "32": 26,
    "24": 45,
    "33": 28,
    "34": 22,
    "55": 5,
    "56": 3,
    "35": 19,
    "23": 51,
    "36": 20,
    "57": 2,
    "37": 14,
    "27": 30,
    "20": 68,
    "38": 12,
    "39": 14,
    "40": 10,
    "41": 9,
    "42": 12,
    "43": 10,
    "44": 8,
    "45": 7,
    "46": 4,
    "47": 7,
    "48": 6,
    "49": 7,
    "50": 5,
    "51": 5,
    "52": 4,
    "53": 6,
    "54": 5,
    "28": 32,
    "22": 55,
    "26": 41,
    "21": 56,
    "16": 100,
    "17": 93,
    "19": 76,
    "15": 131,
    "18": 72,
    "13": 139,
    "14": 116,
    "12": 141,
    "11": 150,
    "9": 140,
    "10": 148,
    "8": 126,
    "7": 132,
    "6": 116,
    "5": 83,
    "2": 33,
    "4": 47,
    "3": 47,
    "1": 7,
    "0": 2
  },
  "items": {
    "total_used": 18085,
    "total_burned": 52138,
    "avg_per_stabilized": 6.796317173994739,
    "items_used_distribution": {
      "4": 335,
      "5": 384,
      "8": 243,
      "2": 86,
      "3": 229,
      "6": 379,
      "9": 201,
      "7": 325,
      "1": 23,
      "10": 121,
      "12": 74,
      "11": 87,
      "13": 59,
      "17": 9,
      "18": 10,
      "15": 19,
      "0": 2,
      "14": 43,
      "16": 14,
      "21": 4,
      "20": 2,
      "19": 6,
      "23": 1,
      "24": 2,
      "22": 3
    }
  },
  "sp_economy": {
    "total_from_burns": 63647,
    "total_from_streaks": 16422,
    "total_consumed": 63471
  },
  "creatures_stabilized_with_bonded_only": 12,
  "creatures_requiring_30plus_items": 0,
  "whale_wallets": 62,
  "whale_failures": 0
}