{
  "total_creatures": 2661,
  "stabilized": 2660,
  "unstabilized": 1,
  "stabilization_rate": 99.96242014280345,
  "days_to_stabilization": {
    "mean": 13.650375939849624,
    "median": 12.0,
    "min": 1,
    "max": 58
  },
  "histogram": {
    "1": 2,
    "2": 74,
    "3": 95,
    "4": 95,
    "5": 102,
    "6": 135,
    "7": 136,
    "8": 182,
    "9": 179,
    "10": 154,
    "11": 159,
    "12": 134,
    "13": 172,
    "14": 106,
    "15": 74,
    "16": 88,
    "17": 76,
    "18": 65,
    "19": 65,
    "20": 84,
    "21": 38,
    "22": 41,
    "23": 52,
    "24": 37,
    "25": 32,
    "26": 34,
    "27": 38,
    "28": 30,
    "29": 25,
    "30": 15,
    "31": 21,
    "32": 17,
    "33": 15,
    "34": 18,
    "35": 5,
    "36": 11,
    "37": 11,
    "38": 4,
    "39": 4,
    "40": 3,
    "41": 9,
    "42": 6,
    "43": 3,
    "44": 4,
    "45": 1,
    "46": 2,
    "48": 3,
    "52": 1,
    "54": 1,
    "56": 1,
    "58": 1
  },
  "items": {
    "total_used": 22200,
    "total_burned": 49045,
    "avg_per_stabilized": 8.345864661654135
  },
  "items_used_distribution": {
    "0": 1,
    "1": 18,
    "2": 47,
    "3": 120,
    "4": 212,
    "5": 253,
    "6": 273,
    "7": 303,
    "8": 287,
    "9": 257,
    "10": 221,
    "11": 172,
    "12": 135,
    "13": 97,
    "14": 88,
    "15": 55,
    "16": 38,
    "17": 28,
    "18": 17,
    "19": 11,
    "20": 13,
    "21": 6,
    "23": 2,
    "25": 4,
    "29": 1,
    "31": 1
  },
  "sp_economy": {
    "total_from_burns": 66756,
    "total_from_streaks": 13374,
    "total_consumed": 66456
  },
  "creatures_stabilized_with_bonded_only": 0,
  "creatures_requiring_30plus_items": 1,
  "whale_wallets": 62,
  "whale_failures": 0
}