{
  "total_creatures": 2661,
  "stabilized": 2661,
  "unstabilized": 0,
  "stabilization_rate": 100.0,
  "days_to_stabilization": {
    "mean": 13.302893649004133,
    "median": 11,
    "min": 1,
    "max": 52
  },
  "histogram": {
    "1": 4,
    "2": 63,
    "3": 115,
    "4": 113,
    "5": 104,
    "6": 130,
    "7": 144,
    "8": 191,
    "9": 177,
    "10": 156,
    "11": 137,
    "12": 137,
    "13": 186,
    "14": 103,
    "15": 82,
    "16": 79,
    "17": 66,
    "18": 70,
    "19": 66,
    "20": 76,
    "21": 41,
    "22": 45,
    "23": 45,
    "24": 44,
    "25": 32,
    "26": 34,
    "27": 37,
    "28": 19,
    "29": 20,
    "30": 26,
    "31": 18,
    "32": 13,
    "33": 13,
    "34": 16,
    "35": 3,
    "36": 9,
    "37": 6,
    "38": 8,
    "39": 6,
    "40": 5,
    "41": 5,
    "42": 5,
    "44": 6,
    "45": 1,
    "46": 2,
    "50": 1,
    "51": 1,
    "52": 1
  },
  "items": {
    "total_used": 20600,
    "total_burned": 49076,
    "avg_per_stabilized": 7.741450582487786
  },
  "items_used_distribution": {
    "1": 2,
    "2": 44,
    "3": 124,
    "4": 242,
    "5": 340,
    "6": 349,
    "7": 317,
    "8": 298,
    "9": 250,
    "10": 181,
    "11": 155,
    "12": 115,
    "13": 79,
    "14": 62,
    "15": 38,
    "16": 19,
    "17": 16,
    "18": 10,
    "19": 5,
    "20": 8,
    "21": 5,
    "22": 1,
    "25": 1
  },
  "sp_economy": {
    "total_from_burns": 67201,
    "total_from_streaks": 12933,
    "total_consumed": 66897
  },
  "creatures_stabilized_with_bonded_only": 0,
  "creatures_requiring_30plus_items": 0,
  "whale_wallets": 62,
  "whale_failures": 0
}