{
  "total_creatures": 2661,
  "stabilized": 2610,
  "unstabilized": 51,
  "stabilization_rate": 98.08342728297632,
  "days_to_stabilization": {
    "mean": 19.080842911877394,
    "median": 16.0,
    "min": 1,
    "max": 59
  },
  "histogram": {
    "1": 2,
    "2": 74,
    "3": 95,
    "4": 95,
    "5": 102,
    "6": 135,
    "7": 85,
    "8": 103,
    "9": 89,
    "10": 79,
    "11": 88,
    "12": 78,
    "13": 114,
    "14": 77,
    "15": 76,
    "16": 65,
    "17": 74,
    "18": 73,
    "19": 58,
    "20": 89,
    "21": 46,
    "22": 52,
    "23": 57,
    "24": 43,
    "25": 35,
    "26": 43,
    "27": 66,
    "28": 33,
    "29": 45,
    "30": 27,
    "31": 27,
    "32": 34,
    "33": 31,
    "34": 43,
    "35": 17,
    "36": 25,
    "37": 18,
    "38": 19,
    "39": 15,
    "40": 30,
    "41": 29,
    "42": 15,
    "43": 19,
    "44": 13,
    "45": 14,
    "46": 13,
    "47": 17,
    "48": 17,
    "49": 16,
    "50": 18,
    "51": 13,
    "52": 6,
    "53": 10,
    "54": 9,
    "55": 16,
    "56": 6,
    "57": 11,
    "58": 5,
    "59": 6
  },
  "items": {
    "total_used": 22798,
    "total_burned": 43097,
    "avg_per_stabilized": 8.734865900383141
  },
  "items_used_distribution": {
    "0": 1,
    "1": 16,
    "2": 49,
    "3": 111,
    "4": 184,
    "5": 247,
    "6": 276,
    "7": 251,
    "8": 279,
    "9": 275,
    "10": 214,
    "11": 171,
    "12": 125,
    "13": 110,
    "14": 84,
    "15": 65,
    "16": 45,
    "17": 44,
    "18": 21,
    "19": 13,
    "20": 11,
    "21": 7,
    "22": 4,
    "23": 3,
    "24": 1,
    "25": 1,
    "26": 1,
    "31": 1
  },
  "sp_economy": {
    "total_from_burns": 59484,
    "total_from_streaks": 20448,
    "total_consumed": 59234
  },
  "creatures_stabilized_with_bonded_only": 8,
  "creatures_requiring_30plus_items": 1,
  "whale_wallets": 62,
  "whale_failures": 0
}