{
  "total_creatures": 2661,
  "stabilized": 1661,
  "unstabilized": 1000,
  "stabilization_rate": 62.420142803457345,
  "days_to_stabilization": {
    "mean": 32.81155930162553,
    "median": 30,
    "min": 10,
    "max": 59
  },
  "histogram": {
    "56": 29,
    "59": 28,
    "57": 25,
    "53": 27,
    "48": 31,
    "58": 26,
    "46": 31,
    "52": 20,
    "47": 30,
    "54": 26,
    "55": 30,
    "51": 25,
    "44": 27,
    "50": 26,
    "45": 23,
    "42": 24,
    "49": 28,
    "43": 31,
    "41": 27,
    "40": 22,
    "38": 31,
    "39": 27,
    "37": 33,
    "36": 31,
    "35": 32,
    "33": 26,
    "34": 34,
    "32": 27,
    "28": 38,
    "27": 46,
    "31": 36,
    "29": 38,
    "24": 53,
    "30": 35,
    "23": 50,
    "22": 59,
    "21": 70,
    "25": 40,
    "26": 35,
    "19": 66,
    "20": 92,
    "18": 60,
    "16": 40,
    "17": 48,
    "14": 18,
    "15": 32,
    "12": 7,
    "13": 15,
    "11": 3,
    "10": 3
  },
  "items": {
    "total_used": 20241,
    "total_burned": 26914,
    "avg_per_stabilized": 12.186032510535822,
    "items_used_distribution": {
      "6": 182,
      "5": 138,
      "4": 95,
      "2": 34,
      "3": 65,
      "10": 150,
      "16": 39,
      "14": 42,
      "1": 4,
      "7": 181,
      "8": 184,
      "9": 190,
      "11": 108,
      "12": 87,
      "13": 54,
      "15": 38,
      "17": 20,
      "18": 12,
      "19": 10,
      "24": 1,
      "20": 12,
      "22": 4,
      "21": 3,
      "27": 1,
      "23": 4,
      "28": 1,
      "25": 2
    }
  },
  "sp_economy": {
    "total_from_burns": 30158,
    "total_from_streaks": 46035,
    "total_consumed": 29949
  },
  "creatures_stabilized_with_bonded_only": 40,
  "creatures_requiring_30plus_items": 0,
  "whale_wallets": 62,
  "whale_failures": 0
}