{
  "total_creatures": 2661,
  "stabilized": 1800,
  "unstabilized": 861,
  "stabilization_rate": 67.64374295377678,
  "days_to_stabilization": {
    "mean": 31.19611111111111,
    "median": 28,
    "min": 7,
    "max": 59
  },
  "histogram": {
    "58": 31,
    "43": 28,
    "56": 31,
    "50": 29,
    "47": 29,
    "53": 22,
    "51": 30,
    "54": 29,
    "38": 26,
    "52": 29,
    "49": 28,
    "46": 26,
    "48": 32,
    "44": 31,
    "41": 31,
    "39": 24,
    "55": 25,
    "57": 25,
    "59": 25,
    "45": 27,
    "42": 27,
    "37": 22,
    "36": 30,
    "40": 25,
    "34": 31,
    "33": 33,
    "35": 24,
    "31": 31,
    "32": 30,
    "30": 30,
    "29": 28,
    "28": 38,
    "27": 35,
    "25": 37,
    "26": 31,
    "24": 35,
    "23": 46,
    "22": 50,
    "20": 101,
    "21": 64,
    "18": 74,
    "17": 79,
    "15": 78,
    "16": 79,
    "14": 77,
    "19": 64,
    "13": 29,
    "11": 7,
    "12": 5,
    "9": 1,
    "7": 1
  },
  "items": {
    "total_used": 11579,
    "total_burned": 29508,
    "avg_per_stabilized": 6.432777777777778
  },
  "sp_economy": {
    "total_from_burns": 34740,
    "total_from_streaks": 43341,
    "total_consumed": 34446
  },
  "creatures_stabilized_with_bonded_only": 51,
  "creatures_requiring_30plus_items": 0,
  "creatures_using_tonic": 2618,
  "whale_wallets": 62,
  "whale_failures": 0
}