{
  "total_creatures": 2661,
  "stabilized": 2661,
  "unstabilized": 0,
  "stabilization_rate": 100.0,
  "days_to_stabilization": {
    "mean": 12.918451709883502,
    "median": 12,
    "min": 0,
    "max": 56
  },
  "histogram": {
    "0": 375,
    "1": 46,
    "2": 50,
    "3": 43,
    "4": 61,
    "5": 50,
    "6": 74,
    "7": 150,
    "8": 124,
    "9": 109,
    "10": 105,
    "11": 95,
    "12": 125,
    "13": 140,
    "14": 107,
    "15": 94,
    "16": 90,
    "17": 92,
    "18": 66,
    "19": 60,
    "20": 74,
    "21": 59,
    "22": 45,
    "23": 50,
    "24": 34,
    "25": 37,
    "26": 36,
    "27": 42,
    "28": 30,
    "29": 27,
    "30": 19,
    "31": 15,
    "32": 13,
    "33": 14,
    "34": 21,
    "35": 11,
    "36": 14,
    "37": 10,
    "38": 8,
    "39": 5,
    "40": 11,
    "41": 8,
    "42": 3,
    "43": 3,
    "45": 1,
    "46": 4,
    "47": 2,
    "48": 2,
    "49": 1,
    "50": 1,
    "51": 2,
    "53": 1,
    "55": 1,
    "56": 1
  },
  "items": {
    "total_used": 20575,
    "total_burned": 49696,
    "avg_per_stabilized": 7.732055618188651
  },
  "items_used_distribution": {
    "1": 3,
    "2": 43,
    "3": 140,
    "4": 246,
    "5": 347,
    "6": 353,
    "7": 336,
    "8": 266,
    "9": 258,
    "10": 159,
    "11": 141,
    "12": 107,
    "13": 75,
    "14": 55,
    "15": 35,
    "16": 34,
    "17": 25,
    "18": 13,
    "19": 6,
    "20": 4,
    "21": 7,
    "22": 1,
    "23": 4,
    "24": 2,
    "26": 1
  },
  "sp_economy": {
    "total_from_burns": 67093,
    "total_from_streaks": 12948,
    "total_consumed": 66882
  },
  "creatures_stabilized_with_bonded_only": 0,
  "creatures_requiring_30plus_items": 0,
  "whale_wallets": 62,
  "whale_failures": 0
}